{"cameraMode":{"drawMode":0,"name":"Shaded","section":"Shading Mode"},"sceneLighting":true,"audioPlay":false,"sceneViewState":{"showFog":true,"showMaterialUpdate":false,"showSkybox":true,"showFlares":true,"showImageEffects":true,"showParticleSystems":true},"in2DMode":false,"pivot":{"x":4.9932684898376469,"y":30.27271270751953,"z":-3.302379846572876},"rotation":{"x":0.500305712223053,"y":0.3568033277988434,"z":-0.23725049197673798,"w":0.7523995041847229},"size":0.8660253882408142,"orthographic":false}